{"cameraMode":{"drawMode":0,"name":"Shaded","section":"Shading Mode"},"sceneLighting":true,"audioPlay":false,"sceneViewState":{"showFog":true,"showMaterialUpdate":false,"showSkybox":true,"showFlares":true,"showImageEffects":true,"showParticleSystems":true},"in2DMode":false,"pivot":{"x":19.0858154296875,"y":55.13325500488281,"z":7.1603569984436039},"rotation":{"x":0.19624477624893189,"y":-0.6797045469284058,"z":0.19648109376430512,"w":0.6788865327835083},"size":362.9372863769531,"orthographic":false}