{"cameraMode":{"drawMode":0,"name":"Shaded","section":"Shading Mode"},"sceneLighting":false,"audioPlay":false,"sceneViewState":{"showFog":true,"showMaterialUpdate":false,"showSkybox":false,"showFlares":true,"showImageEffects":true,"showParticleSystems":true},"in2DMode":false,"pivot":{"x":2.052399158477783,"y":-10.712139129638672,"z":55.321022033691409},"rotation":{"x":0.23227530717849732,"y":0.09233822673559189,"z":-0.022156434133648874,"w":0.9680063128471375},"size":45.96308135986328,"orthographic":false}