{"cameraMode":{"drawMode":0,"name":"Shaded","section":"Shading Mode"},"sceneLighting":false,"audioPlay":false,"sceneViewState":{"showFog":true,"showMaterialUpdate":false,"showSkybox":false,"showFlares":true,"showImageEffects":true,"showParticleSystems":true},"in2DMode":false,"pivot":{"x":1.4233427047729493,"y":8.508658409118653,"z":-0.26180267333984377},"rotation":{"x":0.0975106805562973,"y":0.8904410004615784,"z":-0.22727066278457642,"w":0.38204431533813479},"size":65.70622253417969,"orthographic":false}