{"cameraMode":{"drawMode":0,"name":"Shaded","section":"Shading Mode"},"sceneLighting":false,"audioPlay":false,"sceneViewState":{"showFog":true,"showMaterialUpdate":false,"showSkybox":false,"showFlares":true,"showImageEffects":true,"showParticleSystems":true},"in2DMode":false,"pivot":{"x":0.4495375156402588,"y":3.2115726470947267,"z":0.0017099380493164063},"rotation":{"x":0.04001621901988983,"y":-0.6914709210395813,"z":0.03841608017683029,"w":0.7202718257904053},"size":12.590450286865235,"orthographic":true}